seed,crash,tb
0, 0, 246
1, 0, 32
2, 0, 266
3, 0, 183
4, 0, 41
5, 0, 278
6, 0, 272
7, 0, 268
8, 0, 267
9, 0, 264
10, 0, 288
11, 0, 287
12, 0, 294
13, 0, 295
14, 0, 295
15, 0, 296
16, 0, 276
17, 0, 294
18, 0, 294
19, 0, 268
20, 0, 287
21, 0, 293
22, 0, 289
23, 0, 294
24, 1, 291
25, 0, 290
26, 0, 289
27, 0, 272
28, 0, 290
29, 0, 292
30, 0, 291
31, 0, 287
32, 0, 288
33, 0, 291
34, 0, 290
35, 0, 290
36, 0, 288
37, 0, 289
38, 0, 286
39, 0, 289
40, 0, 289
41, 0, 288
42, 0, 288
43, 0, 288
44, 0, 286
45, 0, 287
46, 0, 287
47, 0, 287
48, 0, 274
49, 0, 287
50, 0, 287
51, 0, 286
52, 0, 283
53, 0, 283
54, 0, 194
55, 0, 201
56, 0, 245
57, 0, 250
58, 0, 289
59, 0, 286
60, 0, 285
61, 0, 285
62, 0, 286
63, 0, 281
64, 0, 285
65, 0, 244
66, 0, 244
67, 0, 283
68, 0, 246
69, 0, 284
70, 0, 252
71, 0, 282
72, 0, 249
73, 0, 283
74, 0, 250
75, 0, 283
76, 0, 282
77, 0, 281
78, 0, 281
79, 0, 251
80, 0, 245
81, 0, 253
82, 0, 281
83, 0, 281
84, 0, 282
85, 0, 233
86, 0, 284
87, 0, 281
88, 0, 283
89, 0, 280
90, 0, 278
91, 0, 283
92, 0, 283
93, 0, 249
94, 0, 239
95, 0, 277
96, 0, 251
97, 0, 253
98, 0, 250
99, 0, 282
100, 0, 254
101, 0, 282
102, 0, 276
103, 1, 273
104, 0, 281
105, 0, 281
106, 0, 275
107, 0, 270
108, 0, 280
109, 0, 278
110, 0, 278
111, 0, 278
112, 0, 232
113, 0, 274
114, 0, 277
115, 0, 279
116, 0, 278
117, 0, 278
118, 0, 279
119, 0, 279
120, 0, 279
121, 0, 276
122, 0, 244
123, 0, 271
124, 0, 274
125, 0, 234
126, 0, 242
127, 0, 275
128, 0, 233
129, 1, 273
130, 0, 238
131, 0, 276
132, 0, 248
133, 0, 238
134, 0, 262
135, 0, 262
136, 0, 263
137, 0, 263
138, 0, 262
139, 0, 262
140, 0, 262
141, 0, 262
142, 0, 262
143, 0, 262
144, 0, 262
145, 0, 260
146, 0, 261
147, 0, 266
148, 0, 265
149, 0, 267
150, 0, 266
151, 0, 268
152, 0, 267
153, 0, 267
154, 0, 264
155, 0, 263
156, 0, 262
157, 0, 262
158, 0, 264
159, 0, 263
160, 0, 261
161, 0, 261
162, 0, 271
163, 0, 282
164, 0, 320
165, 0, 318
166, 0, 355
167, 0, 344
168, 0, 367
169, 0, 364
170, 0, 378
171, 0, 374
172, 0, 381
173, 0, 374
174, 0, 408
175, 0, 392
176, 0, 406
177, 0, 403
178, 0, 388
179, 0, 399
180, 0, 400
181, 0, 393
182, 0, 403
183, 0, 396
184, 0, 399
185, 0, 394
186, 0, 400
187, 0, 395
188, 0, 399
189, 0, 395
190, 0, 397
191, 0, 394
192, 0, 404
193, 0, 392
194, 0, 407
195, 0, 393
196, 0, 410
197, 0, 404
198, 0, 411
199, 0, 402
200, 0, 412
201, 0, 403
202, 0, 409
203, 0, 399
204, 0, 393
205, 0, 396
206, 0, 393
207, 0, 393
208, 0, 394
209, 0, 392
210, 0, 401
211, 0, 397
212, 0, 393
213, 0, 391
214, 0, 391
215, 0, 392
216, 0, 393
217, 0, 393
218, 0, 392
219, 0, 375
220, 0, 393
221, 0, 389
222, 0, 388
223, 0, 374
224, 0, 373
225, 0, 372
226, 0, 386
227, 0, 378
228, 0, 385
229, 0, 388
230, 0, 379
231, 0, 378
232, 0, 379
233, 0, 383
234, 0, 378
235, 0, 372
236, 0, 376
237, 0, 373
238, 0, 374
239, 0, 373
240, 0, 356
241, 0, 374
242, 0, 374
243, 0, 374
244, 0, 383
245, 0, 374
246, 0, 374
247, 0, 371
248, 0, 372
249, 0, 377
250, 0, 384
251, 0, 379
252, 0, 382
253, 0, 368
254, 0, 378
255, 0, 375
256, 0, 370
257, 0, 379
258, 0, 370
259, 0, 370
260, 0, 364
261, 0, 369
262, 0, 409
263, 0, 371
264, 0, 407
265, 0, 363
266, 0, 412
267, 0, 378
268, 0, 397
269, 0, 369
270, 0, 393
271, 0, 370
272, 0, 368
273, 0, 369
274, 0, 376
275, 0, 369
276, 0, 359
277, 0, 368
278, 0, 373
279, 0, 372
280, 0, 376
281, 0, 374
282, 0, 359
283, 0, 366
284, 0, 353
285, 0, 366
286, 0, 365
287, 0, 374
288, 0, 361
289, 0, 356
290, 0, 375
291, 0, 366
292, 0, 380
293, 0, 370
294, 0, 381
295, 0, 361
296, 0, 376
297, 0, 359
298, 0, 275
299, 0, 356
300, 0, 355
301, 0, 353
302, 0, 278
303, 0, 271
304, 0, 276
305, 0, 365
306, 1, 330
307, 0, 311
308, 0, 334
309, 0, 342
310, 0, 331
311, 0, 383
312, 0, 373
313, 0, 435
314, 0, 420
315, 0, 446
316, 0, 423
317, 0, 452
318, 0, 449
319, 1, 474
320, 1, 489
321, 1, 485
322, 1, 490
323, 1, 495
324, 1, 489
325, 1, 500
326, 1, 497
327, 1, 536
328, 1, 534
329, 1, 539
330, 1, 529
331, 1, 547
332, 1, 543
333, 1, 543
334, 1, 539
335, 1, 539
336, 1, 535
337, 1, 532
338, 1, 535
339, 1, 515
340, 1, 531
341, 1, 557
342, 1, 516
343, 1, 519
344, 1, 513
345, 1, 532
346, 1, 522
347, 1, 524
348, 1, 525
349, 1, 517
350, 1, 525
351, 1, 525
352, 1, 519
353, 1, 525
354, 1, 521
355, 1, 520
356, 1, 522
357, 1, 521
358, 1, 519
359, 1, 544
360, 1, 526
361, 1, 545
362, 1, 541
363, 1, 536
364, 1, 518
365, 1, 529
366, 1, 520
367, 1, 518
368, 1, 528
369, 1, 515
370, 1, 515
371, 1, 514
372, 1, 514
373, 1, 514
374, 1, 515
375, 1, 513
376, 1, 515
377, 1, 514
378, 1, 513
379, 1, 515
380, 1, 541
381, 1, 532
382, 1, 530
383, 1, 515
384, 1, 508
385, 1, 512
386, 1, 522
387, 1, 513
388, 1, 512
389, 1, 511
390, 1, 543
391, 1, 514
392, 1, 532
393, 1, 511
394, 1, 588
395, 1, 558
396, 1, 559
397, 1, 560
398, 1, 579
399, 1, 563
400, 1, 575
401, 1, 599
402, 1, 564
403, 1, 593
404, 1, 560
405, 1, 616
406, 1, 594
407, 1, 615
408, 1, 614
409, 1, 614
410, 1, 615
411, 1, 601
412, 1, 616
413, 1, 603
414, 1, 602
415, 1, 593
416, 1, 593
417, 1, 593
418, 1, 593
419, 1, 591
420, 1, 593
421, 1, 591
422, 1, 590
423, 1, 590
424, 1, 590
425, 1, 589
426, 1, 587
427, 1, 587
428, 1, 586
429, 1, 616
430, 1, 602
431, 1, 632
432, 1, 632
433, 1, 633
434, 1, 633
435, 1, 633
436, 1, 633
437, 1, 633
438, 1, 633
439, 1, 633
440, 1, 632
441, 1, 631
442, 1, 631
443, 1, 631
444, 1, 631
445, 1, 630
446, 1, 630
447, 1, 618
448, 1, 630
449, 1, 629
450, 1, 629
451, 1, 628
452, 1, 627
453, 1, 626
454, 1, 626
455, 1, 625
456, 1, 620
457, 1, 604
458, 1, 619
459, 1, 608
460, 1, 605
461, 1, 610
462, 1, 608
463, 1, 612
464, 1, 609
465, 1, 611
466, 1, 612
467, 1, 609
468, 1, 604
469, 1, 604
470, 1, 609
471, 1, 604
472, 1, 619
473, 1, 588
474, 1, 618
475, 1, 636
476, 1, 618
477, 1, 636
478, 1, 636
479, 1, 640
480, 1, 638
481, 1, 641
482, 1, 644
483, 1, 660
484, 1, 649
485, 1, 649
486, 1, 649
487, 1, 649
488, 1, 655
489, 1, 649
490, 1, 642
491, 1, 641
492, 1, 658
493, 1, 656
494, 1, 663
495, 1, 663
496, 1, 663
497, 1, 663
498, 1, 663
499, 1, 663
500, 1, 663
501, 1, 661
502, 1, 659
503, 1, 651
504, 1, 659
505, 1, 653
506, 1, 659
507, 1, 653
508, 1, 647
509, 1, 640
510, 1, 631
511, 1, 642
512, 1, 642
513, 1, 627
514, 1, 643
515, 1, 642
516, 1, 657
517, 1, 649
518, 1, 657
519, 1, 650
520, 1, 652
521, 1, 648
522, 1, 648
523, 1, 645
524, 1, 645
525, 1, 643
526, 1, 642
527, 1, 643
528, 1, 643
529, 1, 641
530, 1, 636
531, 1, 639
532, 1, 637
533, 1, 629
534, 1, 641
535, 1, 628
536, 1, 643
537, 1, 633
538, 1, 645
539, 1, 630
540, 1, 628
541, 1, 610
542, 1, 628
543, 1, 610
544, 1, 610
545, 1, 610
546, 1, 610
547, 1, 610
548, 1, 610
549, 1, 626
550, 1, 627
551, 1, 626
552, 1, 602
553, 1, 626
554, 1, 622
555, 1, 647
556, 1, 624
557, 1, 622
558, 1, 624
559, 1, 624
560, 1, 624
561, 1, 623
562, 1, 622
563, 1, 626
564, 1, 622
565, 1, 629
566, 1, 625
567, 1, 627
568, 1, 639
569, 1, 636
570, 1, 637
571, 1, 634
572, 1, 648
573, 1, 643
574, 1, 663
575, 1, 657
576, 1, 657
577, 1, 653
578, 1, 652
579, 1, 644
580, 1, 644
581, 1, 648
582, 1, 642
583, 1, 643
584, 1, 643
585, 1, 645
586, 1, 643
587, 1, 661
588, 1, 649
589, 1, 671
590, 1, 673
591, 1, 670
592, 1, 692
593, 1, 691
594, 1, 694
595, 1, 693
596, 1, 693
597, 1, 700
598, 1, 694
599, 1, 704
600, 1, 705
601, 1, 741
602, 1, 721
603, 1, 717
604, 1, 737
605, 1, 739
606, 1, 745
607, 1, 766
608, 1, 746
609, 1, 766
610, 1, 800
611, 1, 777
612, 1, 801
613, 1, 789
614, 1, 803
615, 1, 801
616, 1, 800
617, 1, 795
618, 1, 800
619, 1, 806
620, 1, 795
621, 1, 837
622, 1, 842
623, 1, 845
624, 1, 841
625, 1, 875
626, 1, 849
627, 1, 882
628, 1, 877
629, 1, 872
630, 1, 898
631, 1, 886
632, 1, 908
633, 1, 904
634, 1, 911
635, 1, 909
636, 1, 914
